{
  "version": 1,
  "author": "Gemini AI",
  "editor": "wokwi",
  "parts": [
    { "type": "board-esp32-devkit-c-v4", "id": "esp", "top": 0, "left": 0, "attrs": {} },
    { "type": "wokwi-mpu6050", "id": "imu", "top": -100, "left": 50, "attrs": {} },
    { "type": "wokwi-stepper-motor", "id": "stepper1", "top": -150, "left": 250, "attrs": { "size": "17" } },
    { "type": "wokwi-stepper-motor", "id": "stepper2", "top": 100, "left": 250, "attrs": { "size": "17" } },
    { "type": "wokwi-a4988", "id": "driver1", "top": -130, "left": 130, "attrs": {} },
    { "type": "wokwi-a4988", "id": "driver2", "top": 80, "left": 130, "attrs": {} }
  ],
  "connections": [
    [ "esp:TX", "$serialMonitor:RX", "", [] ],
    [ "esp:RX", "$serialMonitor:TX", "", [] ],
    [ "esp:21", "imu:SDA", "green", [ "v-20", "h40" ] ],
    [ "esp:22", "imu:SCL", "yellow", [ "v-25", "h45" ] ],
    [ "esp:3V3", "imu:VCC", "red", [ "v-30", "h50" ] ],
    [ "esp:GND.1", "imu:GND", "black", [ "v-35", "h55" ] ],
    
    [ "driver1:VDD", "esp:3V3", "red", [ "v-10", "h-20" ] ],
    [ "driver1:GND", "esp:GND.1", "black", [ "v10", "h-20" ] ],
    [ "driver1:RESET", "driver1:SLEEP", "blue", [ "h10", "v15", "h-30" ] ],
    [ "driver1:SLEEP", "esp:3V3", "red", [ "v-10", "h-30" ] ],
    [ "driver1:STEP", "esp:12", "orange", [ "h-10", "v40" ] ],
    [ "driver1:DIR", "esp:14", "purple", [ "h-15", "v45" ] ],
    [ "driver1:1A", "stepper1:A+", "green", [] ],
    [ "driver1:1B", "stepper1:A-", "green", [] ],
    [ "driver1:2A", "stepper1:B+", "blue", [] ],
    [ "driver1:2B", "stepper1:B-", "blue", [] ],

    [ "driver2:VDD", "esp:3V3", "red", [ "v-10", "h-20" ] ],
    [ "driver2:GND", "esp:GND.1", "black", [ "v10", "h-20" ] ],
    [ "driver2:RESET", "driver2:SLEEP", "blue", [ "h10", "v15", "h-30" ] ],
    [ "driver2:SLEEP", "esp:3V3", "red", [ "v-10", "h-30" ] ],
    [ "driver2:STEP", "esp:27", "orange", [ "h-10", "v-40" ] ],
    [ "driver2:DIR", "esp:26", "purple", [ "h-15", "v-45" ] ],
    [ "driver2:1A", "stepper2:A+", "green", [] ],
    [ "driver2:1B", "stepper2:A-", "green", [] ],
    [ "driver2:2A", "stepper2:B+", "blue", [] ],
    [ "driver2:2B", "stepper2:B-", "blue", [] ]
  ],
  "dependencies": {}
}